{"title":"project-file-description-update","type":"cms-template","lang":"","status":"SYSTEM","parent_id":"54643","content":{"type":"API","structure":"","server_on_load":"async ({\n  template,\n  params,\n  render,\n  db,\n  req,\n  reply,\n  user,\n  log,\n  ext,\n  isDev,\n}: Server) => {\n  const privateKey = \"Team 6 Andromedia\";\n  if (user.user.id) {\n    let token_private = ext.CryptoJS.SHA3(privateKey, {\n      outputLength: 512,\n    }).toString();\n    let a_data = ext.CryptoJS.AES.decrypt(user.user.id, token_private).toString(\n      ext.CryptoJS.enc.Utf8\n    );\n    let data = JSON.parse(a_data);\n    if (data) {\n      db.muser\n        .findUnique({\n          where: {\n            id: parseInt(data.id),\n          },\n          select: {\n            email: true,\n            muser_role: {\n              select: {\n                name: true,\n              },\n            },\n            muser_detail: true,\n          },\n        })\n        .then((e) => {\n          db.mproject_upload\n            .update({\n              where: {\n                id: parseInt(req.body.data.idfile),\n              },\n              data: {\n                desc: req.body.data.description,\n              },\n            })\n            .then((e) => {\n              reply.send({\n                status: true,\n                msg: \"success update\",\n              });\n            })\n            .catch((e) => {\n              reply.send({\n                status: false,\n                msg: \"failed update\",\n              });\n            });\n          // Validasi Role\n        })\n        .catch((e) => {\n          reply.send({\n            status: false,\n            msg: e,\n          });\n        });\n    } else {\n      reply.send({\n        status: false,\n        msg: \"invalid session id\",\n      });\n    }\n  } else {\n    reply.send({\n      status: false,\n      msg: \"session not found\",\n    });\n  }\n}","figma":{}},"slug":"/api/project/file/update","site":"*","id":"01630"}