{"content":{"type":"API","structure":"","server_on_load":"async ({\n  template,\n  params,\n  render,\n  db,\n  req,\n  reply,\n  user,\n  log,\n  ext,\n  isDev,\n}: Server) => {\n  const privateKey = \"Team 6 Andromedia\";\n  // var user = user.user;\n  if (user.user.id) {\n    let token_private = ext.CryptoJS.SHA3(privateKey, {\n      outputLength: 512,\n    }).toString();\n\n    let a_data = ext.CryptoJS.AES.decrypt(user.user.id, token_private).toString(\n      ext.CryptoJS.enc.Utf8\n    );\n    let data = JSON.parse(a_data);\n    try {\n      db.muser\n        .findUnique({\n          where: {\n            id: parseInt(data.id),\n          },\n          select: {\n            email: true,\n            muser_role: true,\n            muser_detail: true,\n          },\n        })\n        .then((e) => {\n          reply.send({\n            status: true,\n            data_act: e,\n            userData: user,\n          });\n        });\n    } catch (exception_var) {\n      reply.send({\n        status: false,\n        msg: \"invalid session, user not found\",\n      });\n    }\n  } else {\n    reply.send({\n      status: false,\n      data_act: \"sesi not found\",\n    });\n  }\n}","figma":{}},"title":"session","type":"cms-template","lang":"","status":"SYSTEM","parent_id":"54643","slug":"/api/session","site":"*","id":"14456"}