{
  "title": "project-status-update",
  "type": "cms-template",
  "lang": "",
  "status": "SYSTEM",
  "parent_id": "54643",
  "content": {
    "type": "API",
    "structure": "",
    "server_on_load": "async ({\n  template,\n  params,\n  render,\n  db,\n  req,\n  reply,\n  user,\n  log,\n  ext,\n  isDev,\n}: Server) => {\n  const privateKey = \"Team 6 Andromedia\";\n  if (user.user.id) {\n    let token_private = ext.CryptoJS.SHA3(privateKey, {\n      outputLength: 512,\n    }).toString();\n    let a_data = ext.CryptoJS.AES.decrypt(user.user.id, token_private).toString(\n      ext.CryptoJS.enc.Utf8\n    );\n    let data = JSON.parse(a_data);\n    if (data) {\n      db.muser\n        .findUnique({\n          where: {\n            id: parseInt(data.id),\n          },\n          select: {\n            email: true,\n            muser_role: {\n              select: {\n                name: true,\n              },\n            },\n            muser_detail: true,\n          },\n        })\n        .then((e) => {\n          // reply.send({\n          //   status: false,\n          //   data: e,\n          // });\n          if (\n            e.muser_role.name.toLowerCase() == \"user\" ||\n            e.muser_role.name.toLowerCase() == \"project manager\"\n          ) {\n            db.muser_has_mproject\n              .findFirst({\n                where: {\n                  AND: [\n                    { iduser: e.muser_detail.id },\n                    { idproject: parseInt(req.body.data.idproject) },\n                  ],\n                },\n              })\n              .then((e0) => {\n                if (e0.idproject == parseInt(req.body.data.idproject)) {\n                  db.mproject\n                    .update({\n                      where: {\n                        id: parseInt(req.body.data.idproject),\n                      },\n                      data: {\n                        idstatus: parseInt(req.body.data.status),\n                      },\n                    })\n                    .then((e) => {\n                      reply.send({\n                        status: true,\n                        msg: \"success update\",\n                      });\n                    })\n                    .catch((e) => {\n                      reply.send({\n                        status: false,\n                        msg: \"failed update\",\n                      });\n                    });\n                } else {\n                  reply.send({\n                    status: false,\n                    msg: \"you dont have access with this project\",\n                  });\n                }\n              });\n          }\n          // Validasi Role\n        })\n        .catch((e) => {\n          reply.send({\n            status: false,\n            msg: e,\n          });\n        });\n    } else {\n      reply.send({\n        status: false,\n        msg: \"invalid session id\",\n      });\n    }\n  } else {\n    reply.send({\n      status: false,\n      msg: \"session not found\",\n    });\n  }\n}",
    "figma": {}
  },
  "slug": "/api/project/status/update",
  "site": "*",
  "id": "32766"
}
