{
  "content": {
    "type": "API",
    "structure": "",
    "server_on_load": "async ({\n  template,\n  params,\n  render,\n  db,\n  req,\n  reply,\n  user,\n  log,\n  ext,\n  isDev,\n}: Server) => {\n  const privateKey = \"Team 6 Andromedia\";\n  if (user.user.id) {\n    let token_private = ext.CryptoJS.SHA3(privateKey, {\n      outputLength: 512,\n    }).toString();\n    let a_data = ext.CryptoJS.AES.decrypt(user.user.id, token_private).toString(\n      ext.CryptoJS.enc.Utf8\n    );\n    let data = JSON.parse(a_data);\n    if (data) {\n      db.muser\n        .findUnique({\n          where: {\n            id: parseInt(data.id),\n          },\n          select: {\n            email: true,\n            muser_role: {\n              select: {\n                name: true,\n              },\n            },\n          },\n        })\n        .then((e) => {\n          const data = db.muser.findMany({\n            where: {\n              iduserrole: 25,\n            },\n            select: {\n              id: true,\n              email: true,\n              muser_detail: true,\n              muser_role: {\n                select: {\n                  name: true,\n                },\n              },\n            },\n          });\n          data.then((e) => {\n            reply.send({\n              status: true,\n              data_act: e,\n            });\n          });\n        });\n    } else {\n      reply.send({\n        status: false,\n        msg: \"token invalid\",\n      });\n    }\n  } else {\n    reply.send({\n      status: false,\n      msg: \"sesi not found\",\n    });\n  }\n}",
    "figma": {}
  },
  "title": "user",
  "type": "cms-template",
  "lang": "",
  "status": "SYSTEM",
  "parent_id": "54643",
  "slug": "/api/user",
  "site": "*",
  "id": "35697"
}
