{
  "content": {
    "type": "API",
    "structure": "",
    "server_on_load": "async ({\n  template,\n  params,\n  render,\n  db,\n  req,\n  reply,\n  user,\n  log,\n  ext,\n  isDev,\n}: Server) => {\n  if (user.user.id) {\n    user.user.id = \"\";\n    reply.send({\n      status: true,\n      id: user.id,\n    });\n  }\n}",
    "figma": {}
  },
  "title": "api-logout",
  "type": "cms-template",
  "lang": "",
  "status": "SYSTEM",
  "parent_id": "66283",
  "slug": "/api/logout",
  "site": "*",
  "id": "36535"
}
