{"content":{"type":"API","structure":"","server_on_load":"async ({\n  template,\n  params,\n  render,\n  db,\n  req,\n  reply,\n  user,\n  log,\n  ext,\n  isDev,\n}: Server) => {\n  const privateKey = \"Team 6 Andromedia\";\n  if (user.user.id) {\n    let token_private = ext.CryptoJS.SHA3(privateKey, {\n      outputLength: 512,\n    }).toString();\n    let a_data = ext.CryptoJS.AES.decrypt(user.user.id, token_private).toString(\n      ext.CryptoJS.enc.Utf8\n    );\n    let data = JSON.parse(a_data);\n    if (data) {\n      db.muser\n        .findUnique({\n          where: {\n            id: parseInt(data.id),\n          },\n          select: {\n            email: true,\n            muser_detail: true,\n            muser_role: {\n              select: {\n                name: true,\n              },\n            },\n          },\n        })\n        .then((e) => {\n          if (e.muser_role.name.toLowerCase() == \"admin\") {\n            const query = db.$queryRaw(\n              \"select * from v_timeline_project_detail_parent where idproject =\" +\n                parseInt(req.body.data.idproject) +\n                \" and date_part('month'::text, startdate) = \" +\n                new String(req.body.data.month) +\n                \" and date_part('year'::text, startdate) = \" +\n                new String(req.body.data.year) +\n                \" order by id\"\n            );\n            query.then((e1) => {\n              reply.send({\n                status: true,\n                data_act: {\n                  timeline: e1,\n                },\n              });\n            });\n          }\n          if (e.muser_role.name.toLowerCase() == \"directors\") {\n            const query = db.$queryRaw(\n              \"select * from v_timeline_project_detail_parent where idproject =\" +\n                parseInt(req.body.data.idproject) +\n                \" and date_part('month'::text, startdate) = \" +\n                new String(req.body.data.month) +\n                \" and date_part('year'::text, startdate) = \" +\n                new String(req.body.data.year) +\n                \" order by id\"\n            );\n            query.then((e1) => {\n              reply.send({\n                status: true,\n                data_act: {\n                  timeline: e1,\n                },\n              });\n            });\n          }\n          if (\n            e.muser_role.name.toLowerCase() == \"user\" ||\n            e.muser_role.name.toLowerCase() == \"project manager\"\n          ) {\n            let pickDate =\n              new String(req.body.data.year) +\n              \"-\" +\n              new String(req.body.data.month);\n            const query = db.$queryRaw(\n              \"select b.* from muser_has_mproject a, v_timeline_project b where a.iduser =  \" +\n                e.muser_detail.id +\n                \" and a.idproject = b.id and NOT (to_char(startdate, 'YYYY-MM') > '\" +\n                pickDate +\n                \"' OR to_char(duedate, 'YYYY-MM') < '\" +\n                pickDate +\n                \"')  and b.name ILIKE '%\" +\n                req.body.keyword +\n                \"%' and b.iddivision =\" +\n                req.body.iddivision +\n                \" order by id\"\n            );\n            query.then((e1) => {\n              reply.send({\n                status: true,\n                data_act: {\n                  timeline: e1,\n                },\n                dataKU: req.body,\n              });\n            });\n          }\n          // Validasi Role\n        })\n        .catch((e) => {\n          reply.send({\n            status: false,\n            msg: e,\n          });\n        });\n    } else {\n      reply.send({\n        status: false,\n        msg: \"invalid session id\",\n      });\n    }\n  } else {\n    reply.send({\n      status: false,\n      msg: \"session not found\",\n    });\n  }\n}","figma":{}},"title":"project-timeline","type":"cms-template","lang":"","status":"SYSTEM","parent_id":"54643","slug":"/api/project/timeline","site":"*","id":"51238"}