{"title":"project-file-search","type":"cms-template","lang":"","status":"SYSTEM","parent_id":"54643","content":{"type":"API","structure":"","server_on_load":"async ({\n  template,\n  params,\n  render,\n  db,\n  req,\n  reply,\n  user,\n  log,\n  ext,\n  isDev,\n}: Server) => {\n  const privateKey = \"Team 6 Andromedia\";\n  if (user.user.id) {\n    let token_private = ext.CryptoJS.SHA3(privateKey, {\n      outputLength: 512,\n    }).toString();\n    let a_data = ext.CryptoJS.AES.decrypt(user.user.id, token_private).toString(\n      ext.CryptoJS.enc.Utf8\n    );\n    let data = JSON.parse(a_data);\n    if (data) {\n      db.muser\n        .findUnique({\n          where: {\n            id: parseInt(data.id),\n          },\n          select: {\n            email: true,\n            muser_role: {\n              select: {\n                name: true,\n              },\n            },\n            muser_detail: true,\n          },\n        })\n        .then((e) => {\n          if (e.muser_role.name.toLowerCase() == \"admin\") {\n            db.mproject_detail\n              .findMany({\n                where: {\n                  AND: [\n                    {\n                      idproject: parseInt(req.body.data.idproject),\n                    },\n                    {\n                      idparent: null,\n                    },\n                    {\n                      iddivision: parseInt(req.body.data.iddivision),\n                    },\n                  ],\n                },\n                include: {\n                  mproject_status: true,\n                  mproject_upload: true,\n                  mproject_task_user: {\n                    include: {\n                      muser_has_mproject: {\n                        include: {\n                          muser: true,\n                        },\n                      },\n                    },\n                  },\n                },\n              })\n              .then((e2) => {\n                let data_project = {\n                  e2,\n                };\n                reply.send({\n                  status: true,\n                  data_act: {\n                    project_task: data_project.e2,\n                  },\n                });\n              })\n              .catch((e2) => {\n                reply.send({\n                  status: false,\n                  msg: e2,\n                });\n              });\n          }\n          if (e.muser_role.name.toLowerCase() == \"directors\") {\n            db.mproject_detail\n              .findMany({\n                where: {\n                  AND: [\n                    {\n                      idproject: parseInt(req.body.data.idproject),\n                    },\n                    {\n                      idparent: null,\n                    },\n                    {\n                      iddivision: parseInt(req.body.data.iddivision),\n                    },\n                  ],\n                },\n                include: {\n                  mproject_status: true,\n                  mproject_upload: true,\n                  mproject_task_user: {\n                    include: {\n                      muser_has_mproject: {\n                        include: {\n                          muser: true,\n                        },\n                      },\n                    },\n                  },\n                },\n              })\n              .then((e2) => {\n                let data_project = {\n                  e2,\n                };\n                reply.send({\n                  status: true,\n                  data_act: {\n                    project_task: data_project.e2,\n                  },\n                });\n              })\n              .catch((e2) => {\n                reply.send({\n                  status: false,\n                  msg: e2,\n                });\n              });\n          }\n          if (\n            e.muser_role.name.toLowerCase() == \"user\" ||\n            e.muser_role.name.toLowerCase() == \"project manager\"\n          ) {\n            db.muser_has_mproject\n              .findFirst({\n                where: {\n                  AND: [\n                    { iduser: e.muser_detail.id },\n                    { idproject: parseInt(req.body.idproject) },\n                  ],\n                },\n              })\n              .then((e0) => {\n                if (e0.idproject == parseInt(req.body.idproject)) {\n                  db.$queryRaw(\n                    \"select * from mproject_upload where idproject=\" +\n                      parseInt(req.body.idproject) +\n                      \" and iddivision=\" +\n                      parseInt(req.body.iddivision) +\n                      \" and name ILIKE '%\" +\n                      req.body.keyword +\n                      \"%' order by id\"\n                  )\n                    .then((e) => {\n                      reply.send({\n                        status: true,\n                        data_act: e,\n                      });\n                    })\n                    .catch((e) => {\n                      reply.send({\n                        status: false,\n                        msg: e,\n                      });\n                    });\n                } else {\n                  reply.send({\n                    status: false,\n                    msg: \"you dont have access with this project\",\n                  });\n                }\n                // reply.send({\n                //   status: false,\n                //   pesanindo: \"testing\",\n                //   msg: e0,\n                // });\n              });\n          }\n          // Validasi Role\n        })\n        .catch((e) => {\n          reply.send({\n            status: false,\n            pesanindo: \"error nih atau id tidak diketahui\",\n            msg: e,\n          });\n        });\n    } else {\n      reply.send({\n        status: false,\n        msg: \"invalid session id\",\n      });\n    }\n  } else {\n    reply.send({\n      status: false,\n      msg: \"session not found\",\n    });\n  }\n}","figma":{}},"slug":"/api/project/file/search","site":"*","id":"55467"}