{"content":{"type":"API","structure":"","figma":{},"server_on_load":"async ({\n  template,\n  params,\n  render,\n  db,\n  req,\n  reply,\n  user,\n  log,\n  ext,\n  isDev,\n}: Server) => {\n  const project = db.mproject.create({\n    data: {\n      name: \"coba insert\",\n    },\n  });\n  project.then((e) => {\n    reply.send({\n      status: true,\n      data_act: e,\n    });\n  })\n}"},"title":"sample","type":"cms-template","lang":"","status":"SYSTEM","parent_id":"54643","slug":"/api/sample","site":"*","id":"72289"}