{"content":{"type":"API","structure":"","server_on_load":"async ({\n  template,\n  params,\n  render,\n  db,\n  req,\n  reply,\n  user,\n  log,\n  ext,\n  isDev,\n}: Server) => {\n  const privateKey = \"Team 6 Andromedia\";\n  if (user.id) {\n    let token_private = ext.CryptoJS.SHA3(privateKey, {\n      outputLength: 512,\n    }).toString();\n    let a_data = ext.CryptoJS.AES.decrypt(user.id, token_private).toString(\n      ext.CryptoJS.enc.Utf8\n    );\n    let data = JSON.parse(a_data);\n    if (data) {\n    db.muser_team\n      .findMany({\n        where: {\n          iduser: parseInt(data.id),\n        },\n        select: {\n          id: true,\n          name: true,\n        },\n      })\n      .then((e) => {\n        reply.send({\n          status: true,\n          data_act: e,\n        });\n      });\n  } else {\n    reply.send({\n      status: false,\n      data_act: \"Invalid session\",\n    });\n  }\n}","figma":{}},"title":"team","type":"cms-template","lang":"","status":"SYSTEM","parent_id":"54643","slug":"/api/team","site":"*","id":"16641"}