{"title":"status","type":"cms-template","lang":"","status":"SYSTEM","parent_id":"54643","content":{"type":"API","structure":"","server_on_load":"async ({\n  template,\n  params,\n  render,\n  db,\n  req,\n  reply,\n  user,\n  log,\n  ext,\n  isDev,\n}: Server) => {\n  const privateKey = \"Team 6 Andromedia\";\n  if (user.id) {\n    let token_private = ext.CryptoJS.SHA3(privateKey, {\n      outputLength: 512,\n    }).toString();\n    let a_data = ext.CryptoJS.AES.decrypt(user.id, token_private).toString(\n      ext.CryptoJS.enc.Utf8\n    );\n    let data = JSON.parse(a_data);\n    if (data) {\n      db.muser\n        .findUnique({\n          where: {\n            id: parseInt(data.id),\n          },\n          select: {\n            email: true,\n            muser_role: true,\n            muser_detail: true,\n          },\n        })\n        .then((e) => {\n          var status = [\n            { value: \"3\", label: \"TODO\", color: \"#4ADE80\" },\n            { value: \"2\", label: \"IN PROGRESS\", color: \"#888DF1\" },\n            { value: \"6\", label: \"SUBMITTED\", color: \"#2D34E6\" },\n          ];\n          if (\n            e.muser_role.name.toLowerCase() == \"project manager\" ||\n            e.muser_role.name.toLowerCase() == \"admin\"\n          ) {\n            status.push({ value: \"4\", label: \"REVIEW\", color: \"#4ADE80\" });\n            status.push({ value: \"5\", label: \"REVISION\", color: \"#4ADE80\" });\n            status.push({ value: \"1\", label: \"COMPLETE\", color: \"#F1B459\" });\n          }\n          reply.send({\n            status: true,\n            data_act: status,\n          });\n        })\n        .catch((e) => {\n          reply.send({\n            status: false,\n            msg: e,\n          });\n        });\n    } else {\n      reply.send({\n        status: false,\n        msg: \"invalid session id\",\n      });\n    }\n  } else {\n    reply.send({\n      status: false,\n      msg: \"session not found\",\n    });\n  }\n}","figma":{}},"slug":"/api/status","site":"*","id":"40664"}