{"content":{"type":"API","structure":"","server_on_load":"async ({\n  template,\n  params,\n  render,\n  db,\n  req,\n  reply,\n  user,\n  log,\n  ext,\n  isDev,\n}: Server) => {\n  const privateKey = \"Team 6 Andromedia\";\n  if (user.id) {\n    let token_private = ext.CryptoJS.SHA3(privateKey, {\n      outputLength: 512,\n    }).toString();\n    let a_data = ext.CryptoJS.AES.decrypt(user.id, token_private).toString(\n      ext.CryptoJS.enc.Utf8\n    );\n    let data = JSON.parse(a_data);\n    if (data) {\n      db.muser\n        .findUnique({\n          where: {\n            id: parseInt(data.id),\n          },\n          select: {\n            email: true,\n            muser_role: {\n              select: {\n                name: true,\n              },\n            },\n          },\n        })\n        .then((e) => {\n          // Validasi Role\n          if (e.muser_role.name.toLowerCase() == \"admin\") {\n            // Validasi Password\n            let password = req.body.data.password.split(\"\");\n            if (password.length > 7) {\n              // Generate password\n              let in_password = ext.CryptoJS.AES.encrypt(\n                req.body.data.password,\n                privateKey\n              ).toString();\n              // Prepare main data\n              let dataPrimary = {\n                email: req.body.data.email,\n                password: in_password,\n                iduserrole: parseInt(req.body.data.userrole),\n              };\n              // Insert main data to muser\n              db.muser\n                .create({ data: dataPrimary })\n                .then((e) => {\n                  // Declared detail data\n                  let dataDetail = {\n                    iduser: e.id,\n                    nik: req.body.data.nik,\n                    fullname: req.body.data.fullname,\n                    birthplace: req.body.data.birthplace,\n                    birthdate: new Date(req.body.data.birthdate),\n                    phone: req.body.data.phone,\n                    address: req.body.data.address,\n                    iddivision: parseInt(req.body.data.iddivision),\n                  };\n                  // insert detail data\n                  db.muser_detail\n                    .create({ data: dataDetail })\n                    .then((e2) => {\n                      reply.send({\n                        status: true,\n                        data_act: e2,\n                      });\n                    })\n                    .catch((e2) => {\n                      reply.send({\n                        status: false,\n                        msg: e2,\n                        data: req.body.data,\n                      });\n                    });\n                })\n                .catch((e) => {\n                  reply.send({\n                    status: false,\n                    msg: e.message,\n                    data: req.body.data,\n                  });\n                });\n            } else {\n              reply.send({\n                status: false,\n                msg:\n                  \"password have at least 8 character, your password is \" +\n                  req.body.data.password +\n                  \",\" +\n                  password.length +\n                  \" character\",\n              });\n            }\n          } else {\n            reply.send({\n              status: false,\n              msg: \"you dont have access the featured\",\n            });\n          }\n        })\n        .catch((e) => {\n          reply.send({\n            status: false,\n            msg: e,\n          });\n        });\n    } else {\n      reply.send({\n        status: false,\n        msg: \"invalid session id\",\n      });\n    }\n  } else {\n    reply.send({\n      status: false,\n      msg: \"testing\",\n    });\n  }\n}","figma":{}},"title":"employee-create","type":"cms-template","lang":"","status":"SYSTEM","parent_id":"54643","slug":"/api/employee/create","site":"*","id":"41880"}