{"content":{"type":"API","structure":"","server_on_load":"async ({\n  template,\n  params,\n  render,\n  db,\n  req,\n  reply,\n  user,\n  log,\n  ext,\n  isDev,\n}: Server) => {\n  let pickDate =\n    new String(req.body.data.year) + \"-\" + new String(req.body.data.month);\n  const query = db.$queryRaw(\n    \"select * from v_timeline_project_detail_parent where idproject = \" +\n      parseInt(req.body.data.idproject) +\n      \" and NOT (to_char(startdate, 'YYYY-MM') > '\" +\n      new String(req.body.data.month) +\n      \"' OR to_char(duedate, 'YYYY-MM') < '\" +\n      new String(req.body.data.month) +\n      \"')  order by id\"\n  );\n  query.then((e1) => {\n    reply.send({\n      status: true,\n      data_act: {\n        timeline: e1,\n      },\n    });\n  })\n}","figma":{}},"title":"tes-api-timeline","type":"cms-template","lang":"","status":"SYSTEM","parent_id":"54643","slug":"/api/tes/timeline","site":"*","id":"47911"}