{"content":{"type":"API","structure":"","server_on_load":"async ({\n  template,\n  params,\n  render,\n  db,\n  req,\n  reply,\n  user,\n  log,\n  ext,\n  isDev,\n}: Server) => {\n  const { nama } = req.query;\n  const { username, password } = req.body;\n  const en = await ext.encrypt(\"12345\");\n  const de = await ext.decrypt(en);\n  reply.send({\n    hello: \"world\",\n    username,\n    password: en,\n    \"password-decrypt\": de,\n    nama,\n  })\n}","figma":{}},"title":"sample-api","type":"cms-template","lang":"","status":"SYSTEM","parent_id":"66283","slug":"/api/sample","site":"*","id":"55801"}