{"content":{"type":"API","structure":"","server_on_load":"async ({\n  template,\n  params,\n  render,\n  db,\n  req,\n  reply,\n  user,\n  log,\n  ext,\n  isDev,\n}: Server) => {\n  const privateKey = \"Team 6 Andromedia\";\n  if (user.id) {\n    let token_private = ext.CryptoJS.SHA3(privateKey, {\n      outputLength: 512,\n    }).toString();\n    let a_data = ext.CryptoJS.AES.decrypt(user.id, token_private).toString(\n      ext.CryptoJS.enc.Utf8\n    );\n    let data = JSON.parse(a_data);\n    db.muser\n      .findUnique({\n        where: {\n          id: parseInt(data.id),\n        },\n        select: {\n          email: true,\n          muser_detail: true,\n          muser_role: {\n            select: {\n              name: true,\n            },\n          },\n        },\n      })\n      .then((e) => {\n        if (e.muser_role.name.toLowerCase() == \"admin\") {\n          const query = db.$queryRaw(\n            \"select a.* from mproject a, muser_has_mproject b, muser c where a.iduserproject = b.id and b.iduser = c.id\"\n          );\n          query.then((e) => {\n            reply.send({\n              status: true,\n              data_act: e,\n            });\n          });\n        }\n        if (\n          e.muser_role.name.toLowerCase() == \"project manager\" ||\n          e.muser_role.name.toLowerCase() == \"user\"\n        ) {\n          const query = db.$queryRaw(\n            \"select a.* from mproject a, muser_has_mproject b, muser c where a.iduserproject = b.id and b.iduser = c.id and c.id =\" +\n              data.id\n          );\n          query.then((e) => {\n            reply.send({\n              status: true,\n              data_act: e,\n            });\n          });\n        }\n        if (e.muser_role.name.toLowerCase() == \"director\") {\n          const query = db.$queryRaw(\n            \"select a.* from mproject a, muser_has_mproject b, muser c where a.iduserproject = b.id and b.iduser = c.id and a.iddepartment =\" +\n              e.muser_detail.idepartment\n          );\n          query.then((e) => {\n            reply.send({\n              status: true,\n              data_act: e,\n            });\n          });\n        }\n      });\n  } else {\n    reply.send({\n      status: false,\n      data_act: \"sesi not found\",\n      session: user,\n    });\n  }\n}","figma":{}},"title":"project","type":"cms-template","lang":"","status":"SYSTEM","parent_id":"54643","slug":"/api/project","site":"*","id":"77253"}