{"title":"tes-api-timeline","type":"cms-template","lang":"","status":"SYSTEM","parent_id":"54643","content":{"type":"API","structure":"","server_on_load":"async ({\n  template,\n  params,\n  render,\n  db,\n  req,\n  reply,\n  user,\n  log,\n  ext,\n  isDev,\n}: Server) => {\n  const query = db.$queryRaw(\n    \"select * from v_timeline_project_detail_parent where idproject = 56 and NOT (to_char(startdate, 'YYYY-MM') > '2021-11' OR to_char(duedate, 'YYYY-MM') < '2021-11')  order by id\"\n  );\n  query.then((e1) => {\n    reply.send({\n      status: true,\n      data_act: {\n        timeline: e1,\n      },\n    });\n  })\n}","figma":{}},"slug":"/api/tes/timeline","site":"*","id":"47911"}