{"content":{"type":"API","structure":"","server_on_load":"async ({\n  template,\n  params,\n  render,\n  db,\n  req,\n  reply,\n  user,\n  log,\n  ext,\n  isDev,\n}: Server) => {\n  const privateKey = \"Team 6 Andromedia\";\n  if (user.id) {\n    let token_private = ext.CryptoJS.SHA3(privateKey, {\n      outputLength: 512,\n    }).toString();\n    let a_data = ext.CryptoJS.AES.decrypt(user.id, token_private).toString(\n      ext.CryptoJS.enc.Utf8\n    );\n    let data = JSON.parse(a_data);\n    if (data) {\n      db.muser\n        .findUnique({\n          where: {\n            id: parseInt(data.id),\n          },\n          select: {\n            email: true,\n            muser_role: {\n              select: {\n                name: true,\n              },\n            },\n          },\n        })\n        .then((e) => {\n          // Validasi Role\n          if (\n            e.muser_role.name.toLowerCase() == \"project manager\" ||\n            e.muser_role.name.toLowerCase() == \"user\"\n          ) {\n            // ID Parent Project\n            let idParentProject = parseInt(req.body.data.idproject);\n            if (req.body.data.idtask) {\n              let idTask = parseInt(req.body.data.idtask);\n              db.mproject_detail\n                .create({\n                  data: {\n                    idproject: idParentProject,\n                    name: req.body.data.name,\n                    idstatus: parseInt(req.body.data.status),\n                    startdate: new Date(req.body.data.startdate),\n                    duedate: new Date(req.body.data.duedate),\n                    // desc: req.body.data.desc,\n                    // estimated_cost: req.body.data.estimated_cost,\n                    // idparent: idTask,\n                    // iddivision: parseInt(req.body.data.iddivison),\n                    // effort: parseInt(req.body.data.effort),\n                  },\n                })\n                .then((e) => {\n                  reply.send({\n                    status: true,\n                    data_act: e,\n                  });\n                })\n                .catch((e) => {\n                  reply.send({\n                    status: false,\n                    msg: e,\n                  });\n                });\n            } else {\n              // reply.send({\n              //   status: false,\n              //   msg: \"tes\",\n              // });\n              db.mproject_detail\n                .create({\n                  data: {\n                    idproject: idParentProject,\n                    name: req.body.data.name,\n                    idstatus: 1,\n                    startdate: new Date(req.body.data.startdate),\n                    duedate: new Date(req.body.data.duedate),\n                    // desc: req.body.data.desc,\n                    // estimated_cost: req.body.data.estimated_cost,\n                    // iddivision: parseInt(req.body.data.iddivison),\n                    // effort: parseInt(req.body.data.effort),\n                  },\n                })\n                .then((e) => {\n                  reply.send({\n                    status: true,\n                    data_act: e,\n                  });\n                })\n                .catch((e) => {\n                  reply.send({\n                    status: false,\n                    msg: e,\n                  });\n                });\n            }\n          } else {\n            reply.send({\n              status: false,\n              msg: \"you dont have access the featured\",\n            });\n          }\n        })\n        .catch((e) => {\n          reply.send({\n            status: false,\n            msg: e,\n          });\n        });\n    } else {\n      reply.send({\n        status: false,\n        msg: \"invalid session id\",\n      });\n    }\n  } else {\n    reply.send({\n      status: false,\n      msg: \"session not found\",\n    });\n  }\n}","figma":{}},"title":"project-task-create","type":"cms-template","lang":"","status":"SYSTEM","parent_id":"54643","slug":"/api/project/task/create","site":"*","id":"80508"}