{"content":{"type":"API","structure":"","server_on_load":"async ({\n  template,\n  params,\n  render,\n  db,\n  req,\n  reply,\n  user,\n  log,\n  ext,\n  isDev,\n}: Server) => {\n  try {\n    let dataPrimary = {\n      email: \"email\",\n      password: \"U2FsdGVkX1/9GwMtSJjt7FiB9RRnwPcwjjwFmoXBTCU=\t\",\n      iduserrole: 25,\n    };\n    let dataDetail = {\n      iduser: \"email\",\n      nik: \"239274510912\",\n      fullname: \"user\",\n      birthplace: \"City A\",\n      birthdate: \"2000/01/01\",\n      gender: \"M\",\n    };\n    var userPrimary = [];\n    var userDetail = [];\n    var countPlay = 10;\n    for (let i = 1; i <= 150; i++) {\n      userDetail.push({\n        iduser: countPlay,\n        nik: \"2392745\",\n        fullname: \"user \" + i,\n        birthplace: \"City A\",\n        birthdate: new Date(\"2000-01-01\"),\n        gender: \"M\",\n        phone: \"1234567890\",\n        religion: \"Testing\",\n        address: \"Jl. Surabaya User \" + i,\n      });\n      countPlay++;\n    }\n    const addUserDetail = db.muser_detail.createMany({\n      data: userDetail,\n      skipDuplicates: true, // Skip 'Bobo'\n    });\n    addUserDetail.then((e4) => {});\n  } catch (exception_var) {\n    reply.send({\n      status: false,\n      msg: \"required parameter, check again your input\",\n      msg_system: exception_var.message,\n    });\n  }\n  reply.send({\n    status: true,\n    msg: \"success\",\n  })\n}","figma":{}},"title":"testing-user","type":"cms-template","lang":"","status":"SYSTEM","parent_id":"54643","slug":"/api/user-testing","site":"*","id":"02486"}