{"content":{"type":"API","structure":"","server_on_load":"async ({\n  template,\n  params,\n  render,\n  db,\n  req,\n  reply,\n  user,\n  log,\n  ext,\n  isDev,\n}: Server) => {\n  const a = await db.parent.findMany();\n  const en = await ext.encrypt(\"12345\");\n  user.user = { role: \"admin\", nama: \"BUDI\" };\n  reply.send({\n    hello: a,\n  })\n}","figma":{}},"title":"api-coba","type":"cms-template","lang":"","status":"SYSTEM","parent_id":"66283","slug":"/api/coba","site":"*","id":"70465"}